t	x1	y1	vx1	vy1	v1	x2	y2	vx2	vy2	v2	
1,666667E-2	1,176546E-1	-1,313422E-1	-1,807899E-1	3,825032E-1	4,230764E-1	2,587866E-1	-1,193467E-1	-1,539964E-1	-1,039815E-1	1,858145E-1
3,333333E-2	1,151675E-1	-1,251905E-1	-1,589968E-1	3,820314E-1	4,137971E-1	2,562047E-1	-1,211342E-1	-1,552027E-1	-1,062586E-1	1,880924E-1
5,000000E-2	1,123547E-1	-1,186078E-1	-1,562928E-1	3,890873E-1	4,193046E-1	2,536132E-1	-1,228887E-1	-1,633932E-1	-9,636212E-2	1,896919E-1
6,666667E-2	1,099577E-1	-1,122209E-1	-1,357416E-1	3,787159E-1	4,023078E-1	2,507583E-1	-1,243463E-1	-1,813530E-1	-8,575587E-2	2,006065E-1
8,333333E-2	1,078299E-1	-1,059839E-1	-1,297665E-1	3,835278E-1	4,048863E-1	2,475681E-1	-1,257472E-1	-2,018550E-1	-9,095644E-2	2,214012E-1
1,000000E-1	1,056322E-1	-9,943667E-2	-1,156348E-1	3,762915E-1	3,936581E-1	2,440298E-1	-1,273782E-1	-2,185120E-1	-9,642334E-2	2,388409E-1
1,166667E-1	1,039754E-1	-9,344090E-2	-8,921368E-2	3,643055E-1	3,750701E-1	2,402844E-1	-1,289613E-1	-2,321705E-1	-8,502979E-2	2,472513E-1
1,333333E-1	1,026584E-1	-8,729315E-2	-6,976173E-2	3,596512E-1	3,663546E-1	2,362908E-1	-1,302125E-1	-2,239927E-1	-8,846936E-2	2,408310E-1
1,500000E-1	1,016501E-1	-8,145252E-2	-6,157955E-2	3,556284E-1	3,609205E-1	2,328179E-1	-1,319103E-1	-2,179900E-1	-9,542388E-2	2,379608E-1
1,666667E-1	1,006057E-1	-7,543887E-2	-5,730174E-2	3,557351E-1	3,603206E-1	2,290245E-1	-1,333933E-1	-2,516778E-1	-6,122607E-2	2,590180E-1
1,833333E-1	9,974000E-2	-6,959468E-2	-4,573662E-2	3,477244E-1	3,507194E-1	2,244287E-1	-1,339512E-1	-2,558774E-1	-6,170656E-2	2,632128E-1
2,000000E-1	9,908119E-2	-6,384806E-2	-2,666081E-2	3,347770E-1	3,358369E-1	2,204952E-1	-1,354502E-1	-2,401208E-1	-8,792175E-2	2,557112E-1
2,166667E-1	9,885130E-2	-5,843545E-2	-9,288508E-3	3,211303E-1	3,212646E-1	2,164247E-1	-1,368819E-1	-2,668162E-1	-6,724770E-2	2,751602E-1
2,333333E-1	9,877158E-2	-5,314372E-2	-2,868284E-4	3,121878E-1	3,121879E-1	2,116013E-1	-1,376918E-1	-2,928076E-1	-4,508447E-2	2,962582E-1
2,500000E-1	9,884174E-2	-4,802919E-2	6,412253E-3	3,092247E-1	3,092912E-1	2,066644E-1	-1,383847E-1	-3,001441E-1	-5,236958E-2	3,046786E-1
2,666667E-1	9,898532E-2	-4,283623E-2	1,969553E-2	2,949774E-1	2,956342E-1	2,015965E-1	-1,394374E-1	-3,001256E-1	-4,750212E-2	3,038615E-1
2,833333E-1	9,949826E-2	-3,819661E-2	2,956884E-2	2,832658E-1	2,848049E-1	1,966602E-1	-1,399681E-1	-2,875768E-1	-3,860181E-2	2,901560E-1
3,000000E-1	9,997095E-2	-3,339403E-2	3,387534E-2	2,784562E-1	2,805092E-1	1,920106E-1	-1,407242E-1	-2,883964E-1	-3,928469E-2	2,910597E-1
3,166667E-1	1,006274E-1	-2,891474E-2	4,734538E-2	2,587892E-1	2,630844E-1	1,870470E-1	-1,412776E-1	-3,179601E-1	-1,541542E-2	3,183336E-1
3,333333E-1	1,015491E-1	-2,476773E-2	5,845137E-2	2,470848E-1	2,539045E-1	1,814120E-1	-1,412380E-1	-3,366621E-1	-5,793680E-3	3,367120E-1
3,500000E-1	1,025758E-1	-2,067858E-2	6,835071E-2	2,405184E-1	2,500418E-1	1,758249E-1	-1,414707E-1	-3,329271E-1	-1,583342E-3	3,329308E-1
3,666667E-1	1,038275E-1	-1,675045E-2	7,572709E-2	2,267542E-1	2,390649E-1	1,703144E-1	-1,412908E-1	-3,307580E-1	3,407977E-3	3,307755E-1
3,833333E-1	1,051001E-1	-1,312010E-2	7,563989E-2	2,134072E-1	2,264156E-1	1,647997E-1	-1,413571E-1	-3,255739E-1	-2,536895E-3	3,255838E-1
4,000000E-1	1,063488E-1	-9,636876E-3	8,269873E-2	2,044573E-1	2,205490E-1	1,594619E-1	-1,413754E-1	-3,448013E-1	1,444839E-2	3,451039E-1
4,166667E-1	1,078567E-1	-6,304861E-3	9,129100E-2	1,870021E-1	2,080958E-1	1,533063E-1	-1,408755E-1	-3,625456E-1	3,590945E-2	3,643196E-1
4,333333E-1	1,093918E-1	-3,403471E-3	9,423718E-2	1,712654E-1	1,954802E-1	1,473771E-1	-1,401784E-1	-3,535896E-1	4,432217E-2	3,563567E-1
4,500000E-1	1,109979E-1	-5,960135E-4	9,790501E-2	1,576345E-1	1,855641E-1	1,415200E-1	-1,393981E-1	-3,468020E-1	5,178522E-2	3,506470E-1
4,666667E-1	1,126553E-1	1,851013E-3	1,031511E-1	1,400731E-1	1,739558E-1	1,358170E-1	-1,384522E-1	-3,424883E-1	5,747413E-2	3,472773E-1
4,833333E-1	1,144363E-1	4,073089E-3	1,072472E-1	1,296953E-1	1,682939E-1	1,301037E-1	-1,374823E-1	-3,588903E-1	6,614398E-2	3,649347E-1
5,000000E-1	1,162303E-1	6,174190E-3	1,063647E-1	1,119005E-1	1,543864E-1	1,238540E-1	-1,362474E-1	-3,697541E-1	7,744661E-2	3,777778E-1
5,166667E-1	1,179818E-1	7,803106E-3	1,064466E-1	9,479681E-2	1,425388E-1	1,177786E-1	-1,349007E-1	-3,593730E-1	8,651925E-2	3,696411E-1
5,333333E-1	1,197785E-1	9,334084E-3	1,087773E-1	8,375190E-2	1,372840E-1	1,118749E-1	-1,333634E-1	-3,504530E-1	9,485069E-2	3,630619E-1
5,500000E-1	1,216077E-1	1,059484E-2	1,090822E-1	7,077490E-2	1,300308E-1	1,060968E-1	-1,317390E-1	-3,604735E-1	1,066563E-1	3,759212E-1
5,666667E-1	1,234145E-1	1,169325E-2	1,044249E-1	5,187160E-2	1,165986E-1	9,985912E-2	-1,298082E-1	-3,500837E-1	1,166751E-1	3,690144E-1
5,833333E-1	1,250885E-1	1,232389E-2	9,868296E-2	3,549017E-2	1,048708E-1	9,442733E-2	-1,278499E-1	-3,439771E-1	1,225179E-1	3,651450E-1
6,000000E-1	1,267040E-1	1,287625E-2	9,357743E-2	2,120446E-2	9,594980E-2	8,839322E-2	-1,257243E-1	-3,521940E-1	1,234498E-1	3,732030E-1
6,166667E-1	1,282078E-1	1,303070E-2	8,387440E-2	3,174894E-3	8,393447E-2	8,268753E-2	-1,237349E-1	-3,349146E-1	1,371349E-1	3,619030E-1
6,333333E-1	1,294998E-1	1,298208E-2	7,721414E-2	-6,555097E-3	7,749188E-2	7,722940E-2	-1,211531E-1	-3,462012E-1	1,599232E-1	3,813537E-1
6,500000E-1	1,307816E-1	1,281220E-2	8,002506E-2	-1,949512E-2	8,236547E-2	7,114749E-2	-1,184041E-1	-3,576873E-1	1,700936E-1	3,960707E-1
6,666667E-1	1,321673E-1	1,233225E-2	7,751298E-2	-3,400538E-2	8,464412E-2	6,530649E-2	-1,154833E-1	-3,465405E-1	1,788213E-1	3,899581E-1
6,833333E-1	1,333653E-1	1,167869E-2	6,188267E-2	-5,093598E-2	8,014948E-2	5,959614E-2	-1,124434E-1	-3,340660E-1	1,775500E-1	3,783174E-1
7,000000E-1	1,342301E-1	1,063438E-2	6,100381E-2	-6,582749E-2	8,974811E-2	5,417096E-2	-1,095650E-1	-3,212620E-1	1,751870E-1	3,659232E-1
7,166667E-1	1,353988E-1	9,484439E-3	5,506311E-2	-6,505224E-2	8,522758E-2	4,888740E-2	-1,066038E-1	-3,083204E-1	1,843435E-1	3,592270E-1
7,333333E-1	1,360655E-1	8,465972E-3	3,634456E-2	-7,446825E-2	8,286403E-2	4,389361E-2	-1,034202E-1	-3,157078E-1	1,964729E-1	3,718508E-1
7,500000E-1	1,366103E-1	7,002164E-3	2,775639E-2	-9,167073E-2	9,578069E-2	3,836381E-2	-1,000547E-1	-3,228078E-1	2,108643E-1	3,855757E-1
7,666667E-1	1,369907E-1	5,410281E-3	8,036117E-3	-9,409070E-2	9,443326E-2	3,313335E-2	-9,639141E-2	-3,066351E-1	2,258116E-1	3,808096E-1
7,833333E-1	1,368782E-1	3,865807E-3	9,646966E-3	-1,341548E-1	1,345012E-1	2,814264E-2	-9,252769E-2	-2,943665E-1	2,295045E-1	3,732613E-1
8,000000E-1	1,373123E-1	9,384527E-4	9,264474E-3	-1,345939E-1	1,349124E-1	2,332114E-2	-8,874125E-2	-2,861572E-1	2,338223E-1	3,695386E-1
8,166667E-1	1,371870E-1	-6,206560E-4	-1,630006E-3	-1,092903E-1	1,093024E-1	1,860407E-2	-8,473361E-2	-2,868535E-1	2,403636E-1	3,742454E-1
8,333333E-1	1,372579E-1	-2,704556E-3	-1,149634E-2	-1,335233E-1	1,340173E-1	1,375935E-2	-8,072913E-2	-2,771198E-1	2,444972E-1	3,695596E-1
8,500000E-1	1,368038E-1	-5,071431E-3	-3,819800E-2	-1,424032E-1	1,474373E-1	9,366741E-3	-7,658370E-2	-2,683853E-1	2,501531E-1	3,668886E-1
8,666667E-1	1,359847E-1	-7,451329E-3	-4,604264E-2	-1,500130E-1	1,569198E-1	4,813178E-3	-7,239070E-2	-2,665448E-1	2,541482E-1	3,682898E-1
8,833333E-1	1,352690E-1	-1,007187E-2	-5,562461E-2	-1,642367E-1	1,734007E-1	4,819161E-4	-6,811210E-2	-2,534130E-1	2,632341E-1	3,653907E-1
9,000000E-1	1,341305E-1	-1,292589E-2	-7,549934E-2	-1,731344E-1	1,888801E-1	-3,633922E-3	-6,361623E-2	-2,486940E-1	2,679025E-1	3,655413E-1
9,166667E-1	1,327524E-1	-1,584301E-2	-8,471334E-2	-1,785991E-1	1,976714E-1	-7,807884E-3	-5,918201E-2	-2,306355E-1	2,679425E-1	3,535335E-1
9,333333E-1	1,313067E-1	-1,887919E-2	-9,747059E-2	-1,832770E-1	2,075837E-1	-1,132177E-2	-5,468481E-2	-2,149765E-1	2,701230E-1	3,452265E-1
9,500000E-1	1,295033E-1	-2,195225E-2	-1,145684E-1	-1,857554E-1	2,182452E-1	-1,497377E-2	-5,017791E-2	-2,111913E-1	2,696435E-1	3,425045E-1
9,666667E-1	1,274878E-1	-2,507103E-2	-1,335746E-1	-1,860168E-1	2,290075E-1	-1,836148E-2	-4,569669E-2	-1,988525E-1	2,744560E-1	3,389224E-1
9,833333E-1	1,250509E-1	-2,815281E-2	-1,519425E-1	-1,839276E-1	2,385705E-1	-2,160218E-2	-4,102938E-2	-1,921297E-1	2,758738E-1	3,361847E-1
1,000000E0	1,224230E-1	-3,120195E-2	-1,628986E-1	-1,846028E-1	2,461994E-1	-2,476580E-2	-3,650090E-2	-1,839302E-1	2,738924E-1	3,299202E-1
1,016667E0	1,196209E-1	-3,430623E-2	-1,743965E-1	-1,911750E-1	2,587702E-1	-2,773319E-2	-3,189963E-2	-1,825867E-1	2,751755E-1	3,302415E-1
1,033333E0	1,166098E-1	-3,757445E-2	-1,857820E-1	-1,922572E-1	2,673533E-1	-3,085202E-2	-2,732838E-2	-1,735858E-1	2,808194E-1	3,301387E-1
1,050000E0	1,134282E-1	-4,071481E-2	-1,983626E-1	-1,889284E-1	2,739373E-1	-3,351938E-2	-2,253898E-2	-1,540240E-1	2,749733E-1	3,151725E-1
1,066667E0	1,099977E-1	-4,387207E-2	-2,116831E-1	-1,852540E-1	2,812984E-1	-3,598616E-2	-1,816261E-2	-1,441318E-1	2,641961E-1	3,009544E-1
1,083333E0	1,063721E-1	-4,688994E-2	-2,251943E-1	-1,791784E-1	2,877801E-1	-3,832378E-2	-1,373244E-2	-1,343479E-1	2,670874E-1	2,989733E-1
1,100000E0	1,024913E-1	-4,984468E-2	-2,437316E-1	-1,785504E-1	3,021346E-1	-4,046442E-2	-9,259693E-3	-1,277360E-1	2,686383E-1	2,974609E-1
1,116667E0	9,824767E-2	-5,284162E-2	-2,626427E-1	-1,752879E-1	3,157642E-1	-4,258164E-2	-4,777836E-3	-1,230498E-1	2,722664E-1	2,987812E-1
1,133333E0	9,373650E-2	-5,568761E-2	-2,741266E-1	-1,702694E-1	3,227027E-1	-4,456608E-2	-1,841464E-4	-1,154451E-1	2,589411E-1	2,835102E-1
1,150000E0	8,911012E-2	-5,851727E-2	-2,870337E-1	-1,702779E-1	3,337408E-1	-4,642981E-2	3,853532E-3	-9,644563E-2	2,456908E-1	2,639427E-1
1,166667E0	8,416871E-2	-6,136354E-2	-3,061380E-1	-1,685982E-1	3,494936E-1	-4,778093E-2	8,005548E-3	-8,891152E-2	2,473225E-1	2,628187E-1
1,183333E0	7,890552E-2	-6,413721E-2	-3,137368E-1	-1,612922E-1	3,527690E-1	-4,939353E-2	1,209762E-2	-8,577229E-2	2,446953E-1	2,592927E-1
1,200000E0	7,371082E-2	-6,673995E-2	-3,183212E-1	-1,477584E-1	3,509429E-1	-5,064001E-2	1,616206E-2	-7,345025E-2	2,406685E-1	2,516273E-1
1,216667E0	6,829482E-2	-6,906249E-2	-3,328898E-1	-1,377995E-1	3,602836E-1	-5,184187E-2	2,011990E-2	-7,160719E-2	2,256809E-1	2,367688E-1
1,233333E0	6,261449E-2	-7,133326E-2	-3,500996E-1	-1,310512E-1	3,738236E-1	-5,302692E-2	2,368475E-2	-6,383758E-2	2,100269E-1	2,195143E-1
1,250000E0	5,662483E-2	-7,343086E-2	-3,669090E-1	-1,215054E-1	3,865045E-1	-5,396979E-2	2,712080E-2	-5,402837E-2	2,228332E-1	2,292895E-1
1,266667E0	5,038419E-2	-7,538344E-2	-3,699962E-1	-1,165432E-1	3,879169E-1	-5,482786E-2	3,111253E-2	-5,426047E-2	2,249292E-1	2,313814E-1
1,283333E0	4,429162E-2	-7,731563E-2	-3,750284E-1	-1,027367E-1	3,888459E-1	-5,577847E-2	3,461844E-2	-5,180711E-2	2,085944E-1	2,149316E-1
1,300000E0	3,788325E-2	-7,880800E-2	-3,892517E-1	-8,762069E-2	3,989916E-1	-5,655477E-2	3,806567E-2	-3,880822E-2	2,049331E-1	2,085753E-1
1,316667E0	3,131657E-2	-8,023632E-2	-4,026086E-1	-8,112494E-2	4,107006E-1	-5,707208E-2	4,144954E-2	-3,008205E-2	1,929677E-1	1,952984E-1
1,333333E0	2,446296E-2	-8,151216E-2	-4,137496E-1	-7,709906E-2	4,208717E-1	-5,755750E-2	4,449793E-2	-2,823547E-2	1,792869E-1	1,814966E-1
1,350000E0	1,752491E-2	-8,280629E-2	-4,189566E-1	-6,450664E-2	4,238936E-1	-5,801326E-2	4,742577E-2	-2,142479E-2	1,701352E-1	1,714789E-1
1,366667E0	1,049774E-2	-8,366239E-2	-4,254060E-1	-4,919912E-2	4,282416E-1	-5,827166E-2	5,016910E-2	-1,348124E-2	1,664384E-1	1,669835E-1
1,383333E0	3,344713E-3	-8,444626E-2	-4,335967E-1	-3,980703E-2	4,354202E-1	-5,846264E-2	5,297372E-2	-1,079977E-2	1,609620E-1	1,613239E-1
1,400000E0	-3,955486E-3	-8,498929E-2	-4,339346E-1	-2,395939E-2	4,345955E-1	-5,863165E-2	5,553450E-2	-1,155777E-2	1,477032E-1	1,481547E-1
1,416667E0	-1,111977E-2	-8,524491E-2	-4,376397E-1	-8,911216E-3	4,377304E-1	-5,884790E-2	5,789716E-2	-8,881047E-3	1,415474E-1	1,418257E-1
1,433333E0	-1,854348E-2	-8,528633E-2	-4,452055E-1	6,914337E-4	4,452060E-1	-5,892769E-2	6,025275E-2	-3,038003E-3	1,304036E-1	1,304390E-1
1,450000E0	-2,595996E-2	-8,522186E-2	-4,479185E-1	1,803070E-2	4,482813E-1	-5,894916E-2	6,224395E-2	1,192263E-4	1,160844E-1	1,160844E-1
1,466667E0	-3,347409E-2	-8,468530E-2	-4,480207E-1	3,163226E-2	4,491360E-1	-5,892371E-2	6,412223E-2	5,003772E-4	1,141917E-1	1,141928E-1
1,483333E0	-4,089398E-2	-8,416745E-2	-4,470896E-1	3,625310E-2	4,485571E-1	-5,893248E-2	6,605034E-2	3,661232E-4	1,024345E-1	1,024352E-1
1,500000E0	-4,837708E-2	-8,347687E-2	-4,568389E-1	5,862292E-2	4,605849E-1	-5,891151E-2	6,753671E-2	1,564211E-3	8,610005E-2	8,611425E-2
1,516667E0	-5,612194E-2	-8,221335E-2	-4,638127E-1	7,652945E-2	4,700840E-1	-5,888034E-2	6,892034E-2	1,719845E-3	8,210615E-2	8,212416E-2
1,533333E0	-6,383751E-2	-8,092589E-2	-4,604564E-1	8,444656E-2	4,681360E-1	-5,885418E-2	7,027358E-2	-1,875487E-3	7,454024E-2	7,456383E-2
1,550000E0	-7,147049E-2	-7,939847E-2	-4,487635E-1	1,001218E-1	4,597968E-1	-5,894286E-2	7,140501E-2	1,039358E-3	6,123213E-2	6,124095E-2
1,566667E0	-7,879629E-2	-7,758849E-2	-4,511942E-1	1,142959E-1	4,654457E-1	-5,881954E-2	7,231466E-2	1,834922E-3	5,658430E-2	5,661404E-2
1,583333E0	-8,651029E-2	-7,558860E-2	-4,634234E-1	1,263826E-1	4,803476E-1	-5,888170E-2	7,329116E-2	-3,949143E-3	5,089456E-2	5,104755E-2
1,600000E0	-9,424374E-2	-7,337574E-2	-4,531541E-1	1,422506E-1	4,749567E-1	-5,895117E-2	7,401114E-2	-6,929189E-4	3,710549E-2	3,711196E-2
1,616667E0	-1,016154E-1	-7,084692E-2	-4,504508E-1	1,542043E-1	4,761144E-1	-5,890479E-2	7,452801E-2	-5,269959E-3	3,308270E-2	3,349981E-2
1,633333E0	-1,092588E-1	-6,823559E-2	-4,525658E-1	1,656541E-1	4,819306E-1	-5,912684E-2	7,511390E-2	-6,314989E-3	2,171972E-2	2,261914E-2
1,650000E0	-1,167010E-1	-6,532511E-2	-4,371597E-1	1,864925E-1	4,752768E-1	-5,911529E-2	7,525200E-2	-1,324307E-2	5,524897E-4	1,325459E-2
1,666667E0	-1,238308E-1	-6,201918E-2	-4,410447E-1	1,976531E-1	4,833085E-1	-5,956827E-2	7,513231E-2	-1,590015E-2	-1,781174E-4	1,590115E-2
1,683333E0	-1,314024E-1	-5,873668E-2	-4,311929E-1	2,025171E-1	4,763827E-1	-5,964530E-2	7,524606E-2	-1,856334E-2	-8,239966E-3	2,030997E-2
1,700000E0	-1,382039E-1	-5,526861E-2	-4,275575E-1	2,225959E-1	4,820315E-1	-6,018705E-2	7,485765E-2	-2,533364E-2	-1,762774E-2	3,086309E-2
1,716667E0	-1,456544E-1	-5,131682E-2	-4,259714E-1	2,357569E-1	4,868603E-1	-6,048975E-2	7,465847E-2	-3,255753E-2	-1,794320E-2	3,717461E-2
1,733333E0	-1,524029E-1	-4,741005E-2	-3,928601E-1	2,398377E-1	4,602838E-1	-6,127230E-2	7,425954E-2	-4,435160E-2	-3,626995E-2	5,729375E-2
1,750000E0	-1,587497E-1	-4,332222E-2	-3,934748E-1	2,519899E-1	4,672487E-1	-6,196814E-2	7,344947E-2	-4,003987E-2	-4,586222E-2	6,088131E-2
1,766667E0	-1,655187E-1	-3,901038E-2	-3,984288E-1	2,637912E-1	4,778402E-1	-6,260697E-2	7,273080E-2	-4,477342E-2	-4,574931E-2	6,401295E-2
1,783333E0	-1,720307E-1	-3,452919E-2	-3,795872E-1	2,680562E-1	4,646941E-1	-6,346059E-2	7,192449E-2	-5,444041E-2	-5,104012E-2	7,462475E-2
1,800000E0	-1,781716E-1	-3,007518E-2	-3,770502E-1	2,877325E-1	4,742962E-1	-6,442165E-2	7,102946E-2	-6,042722E-2	-6,433963E-2	8,826685E-2
1,816667E0	-1,845990E-1	-2,493810E-2	-3,624971E-1	2,886759E-1	4,633983E-1	-6,547483E-2	6,977984E-2	-6,872984E-2	-6,998281E-2	9,808866E-2
1,833333E0	-1,902549E-1	-2,045265E-2	-3,430877E-1	2,886060E-1	4,483331E-1	-6,671264E-2	6,869670E-2	-8,273786E-2	-7,383595E-2	1,108932E-1
1,850000E0	-1,960353E-1	-1,531790E-2	-3,375978E-1	3,087079E-1	4,574635E-1	-6,823276E-2	6,731864E-2	-9,367120E-2	-7,908085E-2	1,225890E-1
1,866667E0	-2,015081E-1	-1,016238E-2	-3,349531E-1	3,251937E-1	4,668453E-1	-6,983501E-2	6,606067E-2	-9,765382E-2	-7,570778E-2	1,235635E-1
1,883333E0	-2,072004E-1	-4,478113E-3	-3,220676E-1	3,356537E-1	4,651784E-1	-7,148788E-2	6,479505E-2	-1,001624E-1	-8,085122E-2	1,287223E-1
1,900000E0	-2,122437E-1	1,026076E-3	-2,912018E-1	3,238360E-1	4,355092E-1	-7,317376E-2	6,336563E-2	-1,081564E-1	-8,367579E-2	1,367459E-1
1,916667E0	-2,169071E-1	6,316420E-3	-2,896753E-1	3,350810E-1	4,429346E-1	-7,509310E-2	6,200585E-2	-1,225925E-1	-8,647598E-2	1,500233E-1
1,933333E0	-2,218996E-1	1,219544E-2	-2,893517E-1	3,433498E-1	4,490139E-1	-7,726018E-2	6,048310E-2	-1,352257E-1	-9,709210E-2	1,664718E-1
1,950000E0	-2,265521E-1	1,776141E-2	-2,710658E-1	3,481280E-1	4,412140E-1	-7,960062E-2	5,876945E-2	-1,393591E-1	-1,027344E-1	1,731339E-1
1,966667E0	-2,309351E-1	2,379971E-2	-2,442501E-1	3,459678E-1	4,234995E-1	-8,190548E-2	5,705862E-2	-1,477857E-1	-1,013449E-1	1,791965E-1
1,983333E0	-2,346938E-1	2,929367E-2	-2,269488E-1	3,376810E-1	4,068590E-1	-8,452681E-2	5,539129E-2	-1,555984E-1	-1,055520E-1	1,880215E-1
2,000000E0	-2,385001E-1	3,505574E-2	-2,211179E-1	3,549194E-1	4,181637E-1	-8,709209E-2	5,354022E-2	-1,647152E-1	-1,086580E-1	1,973263E-1
2,016667E0	-2,420644E-1	4,112432E-2	-2,114266E-1	3,634262E-1	4,204519E-1	-9,001732E-2	5,176936E-2	-1,802319E-1	-1,079238E-1	2,100740E-1
2,033333E0	-2,455476E-1	4,716995E-2	-2,004437E-1	3,517282E-1	4,048338E-1	-9,309983E-2	4,994276E-2	-1,875263E-1	-1,085105E-1	2,166579E-1
2,050000E0	-2,487459E-1	5,284859E-2	-1,830483E-1	3,525421E-1	3,972312E-1	-9,626819E-2	4,815234E-2	-1,950012E-1	-1,039026E-1	2,209553E-1
2,066667E0	-2,516492E-1	5,892136E-2	-1,567893E-1	3,456245E-1	3,795250E-1	-9,959987E-2	4,647934E-2	-2,070532E-1	-1,040140E-1	2,317109E-1
2,083333E0	-2,539722E-1	6,436941E-2	-1,444557E-1	3,300665E-1	3,602934E-1	-1,031700E-1	4,468520E-2	-2,217509E-1	-1,056429E-1	2,456296E-1
2,100000E0	-2,564644E-1	6,992357E-2	-1,420143E-1	3,425285E-1	3,708016E-1	-1,069916E-1	4,295791E-2	-2,306960E-1	-9,799244E-2	2,506455E-1
2,116667E0	-2,587060E-1	7,578703E-2	-1,294128E-1	3,521682E-1	3,751935E-1	-1,108598E-1	4,141879E-2	-2,342002E-1	-9,378268E-2	2,522795E-1
2,133333E0	-2,607782E-1	8,166251E-2	-1,048223E-1	3,404258E-1	3,561986E-1	-1,147982E-1	3,983182E-2	-2,383308E-1	-9,578320E-2	2,568580E-1
2,150000E0	-2,622001E-1	8,713455E-2	-9,423318E-2	3,335753E-1	3,466300E-1	-1,188042E-1	3,822602E-2	-2,488655E-1	-8,772434E-2	2,638742E-1
2,166667E0	-2,639193E-1	9,278169E-2	-8,794091E-2	3,350622E-1	3,464106E-1	-1,230938E-1	3,690768E-2	-2,566890E-1	-8,696859E-2	2,710218E-1
2,183333E0	-2,651314E-1	9,830329E-2	-6,936765E-2	3,156058E-1	3,231392E-1	-1,273605E-1	3,532706E-2	-2,639295E-1	-9,103122E-2	2,791872E-1
2,200000E0	-2,662315E-1	1,033019E-1	-5,492534E-2	3,093577E-1	3,141957E-1	-1,318914E-1	3,387330E-2	-2,773973E-1	-8,464737E-2	2,900249E-1
2,216667E0	-2,669623E-1	1,086152E-1	-4,432695E-2	3,132909E-1	3,164113E-1	-1,366071E-1	3,250548E-2	-2,911308E-1	-8,024016E-2	3,019861E-1
2,233333E0	-2,677091E-1	1,137449E-1	-3,823666E-2	3,088154E-1	3,111736E-1	-1,415958E-1	3,119863E-2	-2,915268E-1	-7,548798E-2	3,011417E-1
2,250000E0	-2,682368E-1	1,189091E-1	-1,777835E-2	2,958105E-1	2,963442E-1	-1,463246E-1	2,998922E-2	-3,040558E-1	-6,697036E-2	3,113438E-1
2,266667E0	-2,683017E-1	1,236053E-1	-1,613567E-2	2,916015E-1	2,920476E-1	-1,517310E-1	2,896628E-2	-3,131729E-1	-6,104009E-2	3,190661E-1
2,283333E0	-2,687747E-1	1,286291E-1	-1,404332E-2	2,856904E-1	2,860354E-1	-1,567637E-1	2,795455E-2	-3,082844E-1	-5,631094E-2	3,133850E-1
2,300000E0	-2,687698E-1	1,331283E-1	4,516600E-3	2,751554E-1	2,751925E-1	-1,620071E-1	2,708925E-2	-3,268351E-1	-4,400326E-2	3,297840E-1
2,316667E0	-2,686241E-1	1,378010E-1	3,125163E-3	2,666175E-1	2,666359E-1	-1,676582E-1	2,648777E-2	-3,318386E-1	-4,198831E-2	3,344845E-1
2,333333E0	-2,686656E-1	1,420155E-1	1,734889E-2	2,439956E-1	2,446116E-1	-1,730684E-1	2,568964E-2	-3,364142E-1	-3,810263E-2	3,385651E-1
2,350000E0	-2,680458E-1	1,459341E-1	4,178922E-2	2,322852E-1	2,360143E-1	-1,788720E-1	2,521769E-2	-3,405965E-1	-2,551913E-2	3,415512E-1
2,366667E0	-2,672727E-1	1,497584E-1	4,078081E-2	2,228123E-1	2,265136E-1	-1,844216E-1	2,483901E-2	-3,459660E-1	-2,482005E-2	3,468552E-1
2,383333E0	-2,666865E-1	1,533612E-1	4,275340E-2	2,132490E-1	2,174925E-1	-1,904042E-1	2,439035E-2	-3,553661E-1	-1,497240E-2	3,556814E-1
2,400000E0	-2,658475E-1	1,568667E-1	5,632132E-2	2,052344E-1	2,128221E-1	-1,962671E-1	2,433993E-2	-3,577196E-1	-2,996983E-3	3,577322E-1
2,416667E0	-2,648091E-1	1,602024E-1	2,708558E-1	5,773632E-2	2,769411E-1	-2,023282E-1	2,429045E-2	-3,659475E-1	1,499664E-3	3,659505E-1
2,433333E0	-2,568190E-1	1,587912E-1	2,120379E-1	8,242728E-2	2,274958E-1	-2,084654E-1	2,438991E-2	-3,582354E-1	1,275255E-2	3,584623E-1
2,450000E0	-2,577412E-1	1,629499E-1	-1,294142E-2	2,121450E-1	2,125393E-1	-2,142694E-1	2,471554E-2	-3,654762E-1	2,148930E-2	3,661075E-1
2,466667E0	-2,572504E-1	1,658627E-1	2,823716E-2	1,733460E-1	1,756308E-1	-2,206479E-1	2,510622E-2	-3,775238E-1	2,906970E-2	3,786414E-1
2,483333E0	-2,567999E-1	1,687281E-1	5,449081E-2	1,505907E-1	1,601462E-1	-2,268535E-1	2,568453E-2	-3,680984E-1	3,876731E-2	3,701342E-1
2,500000E0	-2,554340E-1	1,708824E-1	8,958420E-2	1,221697E-1	1,514951E-1	-2,329179E-1	2,639847E-2	-3,743487E-1	4,496082E-2	3,770390E-1
2,516667E0	-2,538138E-1	1,728005E-1	8,699903E-2	1,044064E-1	1,359026E-1	-2,393318E-1	2,718322E-2	-3,791439E-1	5,196611E-2	3,826886E-1
2,533333E0	-2,525341E-1	1,743626E-1	8,432494E-2	9,191271E-2	1,247343E-1	-2,455560E-1	2,813067E-2	-3,756530E-1	6,500800E-2	3,812364E-1
2,550000E0	-2,510030E-1	1,758642E-1	8,310982E-2	8,118208E-2	1,161799E-1	-2,518536E-1	2,935015E-2	-3,887372E-1	7,363561E-2	3,956498E-1	